/,Course Name,Website,Address One,Address Two,City,State,Country,Postal Code
course,Heron Creek Country Club,https://www.heroncreekgcc.com/,5301 Heron Creek Blvd.,,North Port,FL,US,34287
/,Nine Name,,,,,,,
nine,Oaks,,,,,,,
/,Tee Name,Par,Rating,Length,Slope,,,
tee,Black,36,36.2,3418,142,,,
/,Hole Number,Par,Handicap,Length,,,,
hole,1,5,3,515,,,,
hole,2,4,2,437,,,,
hole,3,4,5,422,,,,
hole,4,3,6,170,,,,
hole,5,4,9,410,,,,
hole,6,3,8,188,,,,
hole,7,4,1,400,,,,
hole,8,4,7,340,,,,
hole,9,5,4,536,,,,
endtee,,,,,,,,
/,Tee Name,Par,Rating,Length,Slope,,,
tee,Blue,36,35.25,3127,138,,,
/,Hole Number,Par,Handicap,Length,,,,
hole,1,5,3,477,,,,
hole,2,4,2,383,,,,
hole,3,4,5,386,,,,
hole,4,3,6,154,,,,
hole,5,4,9,396,,,,
hole,6,3,8,159,,,,
hole,7,4,1,368,,,,
hole,8,4,7,289,,,,
hole,9,5,4,515,,,,
endtee,,,,,,,,
/,Tee Name,Par,Rating,Length,Slope,,,
tee,White (M),36,34.35,2952,122,,,
/,Hole Number,Par,Handicap,Length,,,,
hole,1,5,3,466,,,,
hole,2,4,2,370,,,,
hole,3,4,5,359,,,,
hole,4,3,6,148,,,,
hole,5,4,9,317,,,,
hole,6,3,8,150,,,,
hole,7,4,1,355,,,,
hole,8,4,7,284,,,,
hole,9,5,4,503,,,,
endtee,,,,,,,,
/,Tee Name,Par,Rating,Length,Slope,,,
tee,White (L),36,37.05,2952,133,,,
/,Hole Number,Par,Handicap,Length,,,,
hole,1,5,3,466,,,,
hole,2,4,2,370,,,,
hole,3,4,5,359,,,,
hole,4,3,6,148,,,,
hole,5,4,9,317,,,,
hole,6,3,8,150,,,,
hole,7,4,1,355,,,,
hole,8,4,7,284,,,,
hole,9,5,4,503,,,,
endtee,,,,,,,,
/,Tee Name,Par,Rating,Length,Slope,,,
tee,Green (M),36,33.45,2701,113,,,
/,Hole Number,Par,Handicap,Length,,,,
hole,1,5,3,437,,,,
hole,2,4,2,309,,,,
hole,3,4,5,347,,,,
hole,4,3,6,139,,,,
hole,5,4,9,301,,,,
hole,6,3,8,141,,,,
hole,7,4,1,300,,,,
hole,8,4,7,276,,,,
hole,9,5,4,451,,,,
endtee,,,,,,,,
/,Tee Name,Par,Rating,Length,Slope,,,
tee,Green (L),36,35.8,2701,127,,,
/,Hole Number,Par,Handicap,Length,,,,
hole,1,5,3,437,,,,
hole,2,4,2,309,,,,
hole,3,4,5,347,,,,
hole,4,3,6,139,,,,
hole,5,4,9,301,,,,
hole,6,3,8,141,,,,
hole,7,4,1,300,,,,
hole,8,4,7,276,,,,
hole,9,5,4,451,,,,
endtee,,,,,,,,
/,Tee Name,Par,Rating,Length,Slope,,,
tee,Gold (M),36,32.2,2418,107,,,
/,Hole Number,Par,Handicap,Length,,,,
hole,1,5,3,383,,,,
hole,2,4,5,309,,,,
hole,3,4,6,277,,,,
hole,4,3,4,113,,,,
hole,5,4,8,295,,,,
hole,6,3,9,137,,,,
hole,7,4,2,264,,,,
hole,8,4,7,214,,,,
hole,9,5,1,426,,,,
endtee,,,,,,,,
/,Tee Name,Par,Rating,Length,Slope,,,
tee,Gold (L),36,34.3,2418,121,,,
/,Hole Number,Par,Handicap,Length,,,,
hole,1,5,3,383,,,,
hole,2,4,5,309,,,,
hole,3,4,6,277,,,,
hole,4,3,4,113,,,,
hole,5,4,8,295,,,,
hole,6,3,9,137,,,,
hole,7,4,2,264,,,,
hole,8,4,7,214,,,,
hole,9,5,1,426,,,,
endtee,,,,,,,,
/,Tee Name,Par,Rating,Length,Slope,,,
tee,Red (M),36,31.65,2342,106,,,
/,Hole Number,Par,Handicap,Length,,,,
hole,1,5,3,339,,,,
hole,2,4,5,301,,,,
hole,3,4,6,277,,,,
hole,4,3,4,102,,,,
hole,5,4,8,271,,,,
hole,6,3,9,108,,,,
hole,7,4,2,264,,,,
hole,8,4,7,214,,,,
hole,9,5,1,426,,,,
endtee,,,,,,,,
/,Tee Name,Par,Rating,Length,Slope,,,
tee,Red (L),36,33.7,2342,114,,,
/,Hole Number,Par,Handicap,Length,,,,
hole,1,5,3,339,,,,
hole,2,4,5,301,,,,
hole,3,4,6,277,,,,
hole,4,3,4,102,,,,
hole,5,4,8,271,,,,
hole,6,3,9,108,,,,
hole,7,4,2,264,,,,
hole,8,4,7,214,,,,
hole,9,5,1,426,,,,
endtee,,,,,,,,
endnine,,,,,,,,
/,Nine Name,,,,,,,
nine,Marsh,,,,,,,
/,Tee Name,Par,Rating,Length,Slope,,,
tee,Black,36,36.25,3541,143,,,
/,Hole Number,Par,Handicap,Length,,,,
hole,1,5,6,522,,,,
hole,2,4,3,434,,,,
hole,3,3,8,196,,,,
hole,4,4,2,355,,,,
hole,5,5,1,583,,,,
hole,6,3,9,178,,,,
hole,7,4,7,402,,,,
hole,8,4,5,369,,,,
hole,9,4,4,412,,,,
endtee,,,,,,,,
/,Tee Name,Par,Rating,Length,Slope,,,
tee,Blue,36,35.45,3133,141,,,
/,Hole Number,Par,Handicap,Length,,,,
hole,1,5,6,500,,,,
hole,2,4,3,394,,,,
hole,3,3,8,174,,,,
hole,4,4,2,329,,,,
hole,5,5,1,542,,,,
hole,6,3,9,154,,,,
hole,7,4,7,355,,,,
hole,8,4,5,325,,,,
hole,9,4,4,360,,,,
endtee,,,,,,,,
/,Tee Name,Par,Rating,Length,Slope,,,
tee,White (M),36,34.5,2962,122,,,
/,Hole Number,Par,Handicap,Length,,,,
442 383 164 316 502 151 345 310 349,,,,,,,,
hole,1,5,6,442,,,,
hole,2,4,3,383,,,,
hole,3,3,8,164,,,,
hole,4,4,2,316,,,,
hole,5,5,1,502,,,,
hole,6,3,9,151,,,,
hole,7,4,7,345,,,,
hole,8,4,5,310,,,,
hole,9,4,4,349,,,,
endtee,,,,,,,,
/,Tee Name,Par,Rating,Length,Slope,,,
tee,White (L),36,37.15,2962,136,,,
/,Hole Number,Par,Handicap,Length,,,,
hole,1,5,6,442,,,,
hole,2,4,3,383,,,,
hole,3,3,8,164,,,,
hole,4,4,2,316,,,,
hole,5,5,1,502,,,,
hole,6,3,9,151,,,,
hole,7,4,7,345,,,,
hole,8,4,5,310,,,,
hole,9,4,4,349,,,,
endtee,,,,,,,,
/,Tee Name,Par,Rating,Length,Slope,,,
tee,Green (M),36,33.2,2668,117,,,
/,Hole Number,Par,Handicap,Length,,,,
435 302 136 278 457 137 287 296 340,,,,,,,,
hole,1,5,6,435,,,,
hole,2,4,3,302,,,,
hole,3,3,8,136,,,,
hole,4,4,2,278,,,,
hole,5,5,1,457,,,,
hole,6,3,9,137,,,,
hole,7,4,7,287,,,,
hole,8,4,5,296,,,,
hole,9,4,4,340,,,,
endtee,,,,,,,,
/,Tee Name,Par,Rating,Length,Slope,,,
tee,Green (L),36,35.8,2668,130,,,
/,Hole Number,Par,Handicap,Length,,,,
hole,1,5,6,435,,,,
hole,2,4,3,302,,,,
hole,3,3,8,136,,,,
hole,4,4,2,278,,,,
hole,5,5,1,457,,,,
hole,6,3,9,137,,,,
hole,7,4,7,287,,,,
hole,8,4,5,296,,,,
hole,9,4,4,340,,,,
endtee,,,,,,,,
/,Tee Name,Par,Rating,Length,Slope,,,
tee,Gold (M),36,32,2472,111,,,
/,Hole Number,Par,Handicap,Length,,,,
399 293 131 271 457 129 277 228 287,,,,,,,,
hole,1,5,4,399,,,,
hole,2,4,5,293,,,,
hole,3,3,9,131,,,,
hole,4,4,2,271,,,,
hole,5,5,1,457,,,,
hole,6,3,7,129,,,,
hole,7,4,3,277,,,,
hole,8,4,6,228,,,,
hole,9,4,8,287,,,,
endtee,,,,,,,,
/,Tee Name,Par,Rating,Length,Slope,,,
tee,Gold (L),36,34.3,2472,124,,,
/,Hole Number,Par,Handicap,Length,,,,
hole,1,5,4,399,,,,
hole,2,4,5,293,,,,
hole,3,3,9,131,,,,
hole,4,4,2,271,,,,
hole,5,5,1,457,,,,
hole,6,3,7,129,,,,
hole,7,4,3,277,,,,
hole,8,4,6,228,,,,
hole,9,4,8,287,,,,
endtee,,,,,,,,
/,Tee Name,Par,Rating,Length,Slope,,,
tee,Red (M),36,31.35,2277,109,,,
/,Hole Number,Par,Handicap,Length,,,,
hole,1,5,4,399,,,,
hole,2,4,5,283,,,,
hole,3,3,9,92,,,,
hole,4,4,2,238,,,,
hole,5,5,1,367,,,,
hole,6,3,7,106,,,,
hole,7,4,3,277,,,,
hole,8,4,6,228,,,,
hole,9,4,8,287,,,,
endtee,,,,,,,,
/,Tee Name,Par,Rating,Length,Slope,,,
tee,Red (L),36,33.4,2277,115,,,
/,Hole Number,Par,Handicap,Length,,,,
hole,1,5,4,399,,,,
hole,2,4,5,283,,,,
hole,3,3,9,92,,,,
hole,4,4,2,238,,,,
hole,5,5,1,367,,,,
hole,6,3,7,106,,,,
hole,7,4,3,277,,,,
hole,8,4,6,228,,,,
hole,9,4,8,287,,,,
endtee,,,,,,,,
endnine,,,,,,,,
/,Nine Name,,,,,,,
nine,Creek,,,,,,,
/,Tee Name,Par,Rating,Length,Slope,,,
tee,Black,36,36.25,3374,143,,,
/,Hole Number,Par,Handicap,Length,,,,
hole,1,4,3,366,,,,
hole,2,4,7,369,,,,
hole,3,3,9,174,,,,
hole,4,5,2,503,,,,
hole,5,3,8,157,,,,
hole,6,5,1,544,,,,
hole,7,4,4,455,,,,
hole,8,4,6,385,,,,
hole,9,4,5,421,,,,
endtee,,,,,,,,
/,Tee Name,Par,Rating,Length,Slope,,,
tee,Blue,36,35.5,3178,140,,,
/,Hole Number,Par,Handicap,Length,,,,
hole,1,4,3,341,,,,
hole,2,4,7,334,,,,
hole,3,3,9,160,,,,
hole,4,5,2,493,,,,
hole,5,3,8,142,,,,
hole,6,5,1,514,,,,
hole,7,4,4,438,,,,
hole,8,4,6,354,,,,
hole,9,4,5,402,,,,
endtee,,,,,,,,
/,Tee Name,Par,Rating,Length,Slope,,,
tee,White (M),36,34.25,2901,122,,,
/,Hole Number,Par,Handicap,Length,,,,
hole,1,4,3,322,,,,
hole,2,4,7,299,,,,
hole,3,3,9,117,,,,
hole,4,5,2,463,,,,
hole,5,3,8,134,,,,
hole,6,5,1,477,,,,
hole,7,4,4,407,,,,
hole,8,4,6,320,,,,
hole,9,4,5,362,,,,
endtee,,,,,,,,
/,Tee Name,Par,Rating,Length,Slope,,,
tee,White (L),36,37.65,2901,136,,,
/,Hole Number,Par,Handicap,Length,,,,
hole,1,4,3,322,,,,
hole,2,4,7,299,,,,
hole,3,3,9,117,,,,
hole,4,5,2,463,,,,
hole,5,3,8,134,,,,
hole,6,5,1,477,,,,
hole,7,4,4,407,,,,
hole,8,4,6,320,,,,
hole,9,4,5,362,,,,
endtee,,,,,,,,
/,Tee Name,Par,Rating,Length,Slope,,,
tee,Green (M),36,33.2,2644,117,,,
/,Hole Number,Par,Handicap,Length,,,,
hole,1,4,3,285,,,,
hole,2,4,7,279,,,,
hole,3,3,9,107,,,,
hole,4,5,2,421,,,,
hole,5,3,8,127,,,,
hole,6,5,1,434,,,,
hole,7,4,4,376,,,,
hole,8,4,6,281,,,,
hole,9,4,5,334,,,,
endtee,,,,,,,,
/,Tee Name,Par,Rating,Length,Slope,,,
tee,Green (L),36,35.8,2644,130,,,
/,Hole Number,Par,Handicap,Length,,,,
hole,1,4,3,285,,,,
hole,2,4,7,279,,,,
hole,3,3,9,107,,,,
hole,4,5,2,421,,,,
hole,5,3,8,127,,,,
hole,6,5,1,434,,,,
hole,7,4,4,376,,,,
hole,8,4,6,281,,,,
hole,9,4,5,334,,,,
endtee,,,,,,,,
/,Tee Name,Par,Rating,Length,Slope,,,
tee,Gold (M),36,32,2454,111,,,
/,Hole Number,Par,Handicap,Length,,,,
hole,1,4,7,285,,,,
hole,2,4,8,225,,,,
hole,3,3,9,97,,,,
hole,4,5,2,421,,,,
hole,5,3,3,119,,,,
hole,6,5,1,437,,,,
hole,7,4,4,357,,,,
hole,8,4,5,204,,,,
hole,9,4,6,309,,,,
endtee,,,,,,,,
/,Tee Name,Par,Rating,Length,Slope,,,
tee,Gold (L),36,34.3,2454,124,,,
/,Hole Number,Par,Handicap,Length,,,,
hole,1,4,7,285,,,,
hole,2,4,8,225,,,,
hole,3,3,9,97,,,,
hole,4,5,2,421,,,,
hole,5,3,3,119,,,,
hole,6,5,1,437,,,,
hole,7,4,4,357,,,,
hole,8,4,5,204,,,,
hole,9,4,6,309,,,,
endtee,,,,,,,,
/,Tee Name,Par,Rating,Length,Slope,,,
tee,Red (M),36,31.35,2191,109,,,
/,Hole Number,Par,Handicap,Length,,,,
hole,1,4,7,252,,,,
hole,2,4,8,225,,,,
hole,3,3,9,85,,,,
hole,4,5,2,377,,,,
hole,5,3,3,85,,,,
hole,6,5,1,361,,,,
hole,7,4,4,300,,,,
hole,8,4,5,204,,,,
hole,9,4,6,302,,,,
endtee,,,,,,,,
/,Tee Name,Par,Rating,Length,Slope,,,
tee,Red (L),36,33.4,2191,115,,,
/,Hole Number,Par,Handicap,Length,,,,
hole,1,4,7,252,,,,
hole,2,4,8,225,,,,
hole,3,3,9,85,,,,
hole,4,5,2,377,,,,
hole,5,3,3,85,,,,
hole,6,5,1,361,,,,
hole,7,4,4,300,,,,
hole,8,4,5,204,,,,
hole,9,4,6,302,,,,
endtee,,,,,,,,
endnine,,,,,,,,
endcourse,,,,,,,,
